<?xml version="1.0" encoding="UTF-8" standalone="yes"?>
<addon id="repository.system.addons" name="System Video Addons" version="0.0.1" provider-name="Netpac">
    <extension point="xbmc.addon.repository" name="System Video Addons Repository">
    <info compressed="false">https://raw.githubusercontent.com/rmneto/System/master/addons.xml</info>
    <checksum>https://raw.githubusercontent.com/rmneto/System/master/addons.xml.md5</checksum>
    <datadir zip="true">https://raw.githubusercontent.com/rmneto/System/master/datadir/</datadir>
	</extension>
	<extension point="xbmc.addon.metadata">
		<summary>System Video Addons by Netpac</summary>
		<description>System Video Plugin</description>
		<disclaimer>The owners and submitters to this repository do not host or distribute any of the content displayed by these addons nor do they have any affiliation with the content providers.</disclaimer>
		<platform>all</platform>
	</extension>
</addon>
