<?xml version="1.0" encoding="UTF-8" standalone="yes"?>
<addon id="plugin.video.system" name="System" version="0.1.2" provider-name="Anonymous">
  <requires>
    <import addon="xbmc.python" version="2.1.0"/>
	  <import addon="script.module.t0mm0.common"/>
	  <import addon="script.module.urlresolver" version="2.4.0"/> 
	  <import addon="script.module.simplejson"/>
	  <import addon="script.module.requests"/>
    <import addon="script.module.stream.resolver-master"/>
  </requires>
  <extension point="xbmc.python.pluginsource" library="resources/lib/main.py">
    <provides>video</provides>
  </extension>
  <extension point="xbmc.addon.metadata">
    <language>en</language>
    <platform>all</platform>
    <summary lang="en">System Support</summary>
    <summary lang="pt">Supporte de Systema</summary>
    <description lang="en"></description>
    <description lang="pt"></description>
	<disclaimer lang="en"></disclaimer>
	<disclaimer lang="pt"></disclaimer>
    <platform>all</platform>
  </extension>
</addon>
